{
  "total": 40886,
  "valid": 40439,
  "invalid": 447,
  "correct": 24790,
  "coverage": 0.9891,
  "invalid_rate": 0.0109,
  "accuracy_valid": 0.613,
  "effective_accuracy": 0.6063,
  "balanced_accuracy": 0.613,
  "mcc": 0.2277,
  "per_family": {
    "adversarial_misleading": {
      "total": 500,
      "valid": 500,
      "correct": 328,
      "coverage": 1.0,
      "accuracy_valid": 0.656
    },
    "adversarial_nearmiss": {
      "total": 478,
      "valid": 478,
      "correct": 282,
      "coverage": 1.0,
      "accuracy_valid": 0.5899581589958159
    },
    "atomic": {
      "total": 25307,
      "valid": 25305,
      "correct": 14893,
      "coverage": 0.9999209704824752,
      "accuracy_valid": 0.5885398142659554
    },
    "consistency_paraphrase": {
      "total": 4139,
      "valid": 4139,
      "correct": 2504,
      "coverage": 1.0,
      "accuracy_valid": 0.6049770475960377
    },
    "cross_indicator": {
      "total": 67,
      "valid": 67,
      "correct": 41,
      "coverage": 1.0,
      "accuracy_valid": 0.6119402985074627
    },
    "extended_systems": {
      "total": 45,
      "valid": 45,
      "correct": 35,
      "coverage": 1.0,
      "accuracy_valid": 0.7777777777777778
    },
    "fol_inference": {
      "total": 1758,
      "valid": 1755,
      "correct": 1293,
      "coverage": 0.9982935153583617,
      "accuracy_valid": 0.7367521367521368
    },
    "indicator_diagnostic": {
      "total": 530,
      "valid": 530,
      "correct": 378,
      "coverage": 1.0,
      "accuracy_valid": 0.7132075471698113
    },
    "multi_hop": {
      "total": 6000,
      "valid": 5558,
      "correct": 4048,
      "coverage": 0.9263333333333333,
      "accuracy_valid": 0.7283195394026628
    },
    "perturbation": {
      "total": 1994,
      "valid": 1994,
      "correct": 958,
      "coverage": 1.0,
      "accuracy_valid": 0.48044132397191575
    },
    "regime_transition": {
      "total": 68,
      "valid": 68,
      "correct": 30,
      "coverage": 1.0,
      "accuracy_valid": 0.4411764705882353
    }
  },
  "per_split": {
    "unknown": {
      "total": 40886,
      "valid": 40439,
      "accuracy_valid": 0.6130220826429932
    }
  }
}