{
  "total": 3828,
  "valid": 3800,
  "invalid": 28,
  "correct": 2425,
  "coverage": 0.9927,
  "invalid_rate": 0.0073,
  "accuracy_valid": 0.6382,
  "effective_accuracy": 0.6335,
  "balanced_accuracy": 0.6385,
  "mcc": 0.2778,
  "per_family": {
    "adversarial_misleading": {
      "total": 456,
      "valid": 456,
      "correct": 296,
      "coverage": 1.0,
      "accuracy_valid": 0.6491228070175439
    },
    "adversarial_nearmiss": {
      "total": 456,
      "valid": 456,
      "correct": 270,
      "coverage": 1.0,
      "accuracy_valid": 0.5921052631578947
    },
    "atomic": {
      "total": 456,
      "valid": 455,
      "correct": 266,
      "coverage": 0.9978070175438597,
      "accuracy_valid": 0.5846153846153846
    },
    "consistency_paraphrase": {
      "total": 456,
      "valid": 456,
      "correct": 277,
      "coverage": 1.0,
      "accuracy_valid": 0.6074561403508771
    },
    "cross_indicator": {
      "total": 67,
      "valid": 67,
      "correct": 41,
      "coverage": 1.0,
      "accuracy_valid": 0.6119402985074627
    },
    "extended_systems": {
      "total": 45,
      "valid": 45,
      "correct": 35,
      "coverage": 1.0,
      "accuracy_valid": 0.7777777777777778
    },
    "fol_inference": {
      "total": 456,
      "valid": 455,
      "correct": 338,
      "coverage": 0.9978070175438597,
      "accuracy_valid": 0.7428571428571429
    },
    "indicator_diagnostic": {
      "total": 456,
      "valid": 456,
      "correct": 332,
      "coverage": 1.0,
      "accuracy_valid": 0.7280701754385965
    },
    "multi_hop": {
      "total": 456,
      "valid": 430,
      "correct": 319,
      "coverage": 0.9429824561403509,
      "accuracy_valid": 0.7418604651162791
    },
    "perturbation": {
      "total": 456,
      "valid": 456,
      "correct": 221,
      "coverage": 1.0,
      "accuracy_valid": 0.48464912280701755
    },
    "regime_transition": {
      "total": 68,
      "valid": 68,
      "correct": 30,
      "coverage": 1.0,
      "accuracy_valid": 0.4411764705882353
    }
  },
  "per_split": {
    "unknown": {
      "total": 3828,
      "valid": 3800,
      "accuracy_valid": 0.6381578947368421
    }
  }
}